Feature,CorrelationWithSales,AbsCorrelation,FeatureType
TV,0.9966363271955413,0.9966363271955413,numeric
Radio,0.8673709047371942,0.8673709047371942,numeric
Social Media,0.5281160756919845,0.5281160756919845,numeric
Influencer_Macro,0.01927581216560746,0.01927581216560746,categorical_dummy
Influencer_Mega,-0.011709401797106759,0.011709401797106759,categorical_dummy
Influencer_Micro,-0.00409038320901312,0.00409038320901312,categorical_dummy
Influencer_Nano,-0.0032977430919061907,0.0032977430919061907,categorical_dummy
